Source-Name; Coordinates
Chemnitz; 50.833333, 12.916667
Dresden; 51.033333, 13.733333
Warschau; 52.233333, 21.016667
Brest-Litowsk; 52.133333, 23.666667
Kremenstövsk; 52.402778, 23.808333
Bialystock; 53.135278, 23.145556
Minsk; 53.9, 27.566667
Kalachy; 54.307998, 27.502599
Kiew; 50.45, 30.523333
Charkow; 50.004444, 36.231389
Bjelgorod; 50.6, 36.6